MOE,dry_density,acoustic_velocity
13.45615228,860.2564103,3.955
10.84752816,796.6692486,3.69
12.604003,818.1429183,3.925
13.31869257,790.3787794,4.105
12.00267392,862.7010849,3.73
11.40021618,846.4103366,3.67
11.13520521,878.6142225,3.56
13.47134889,827.4161736,4.035
9.260676124,766.8900056,3.475
10.19220637,779.9227799,3.615
11.59295213,768.0897976,3.885
10.36880645,765.6550134,3.68
14.85831314,792.48986,4.33
12.39489475,714.5174371,4.165
10.83354919,760.2157229,3.775
11.47718881,788.5812406,3.815
10.53101985,826.2928585,3.57
11.45010214,792.9433612,3.8
11.90564554,790.84158420000006,3.88
9.805556526,838.3397051,3.42
10.12997388,783.8095238,3.595
16.74836694,836.3467779,4.475
10.60869589,800.680465,3.64
12.38502667,824.8092682,3.875
11.45143628,747.1304348,3.915
10.47016709,752.5510204,3.73
7.392951683,784.4063792,3.07
10.14190856,721.2023864,3.75
10.64807074,735.4643152,3.805
14.45646848,864.2026578,4.09
15.46374614,806.0583672,4.38
14.41440991,872.3198764,4.065
13.48886655,820.3397213,4.055
8.960112292,777.3809524,3.395
9.294648876,780.8988764,3.45
10.17324294,852.2427441,3.455
9.4331885110000009,781.1760063,3.475
9.627073381,776.9784173,3.52
11.49901504,809.0548054,3.77
10.28030199,788.8446215,3.61
12.11185893,847.6707631,3.78
10.09625625,785.5648536,3.585
11.79567997,787.5915554,3.87
13.6421376,788.3076923,4.16
15.2802445,826.405868,4.3
11.72383603,749.5088409,3.955
8.979641528,822.083766,3.305
11.07640409,771.1171662,3.79
11.95750233,780.1478953,3.915
14.01725186,819.8074278,4.135
12.83091665,803.9408867,3.995
9.983788979,772.4984267,3.595
12.06848457,756.1695279,3.995
9.988521739,706.5217391,3.76
10.41467736,713.7055838,3.82
11.90006683,749.3638677,3.985
8.304020404,714.1339001,3.41
10.48341968,772.0189984,3.685
11.164597,779.3118562,3.785
15.27239286,752.5190464,4.505
11.68485852,764.3107068,3.91
11.86535425,808.8782562,3.83
15.80769507,850.9695291,4.31
8.879425982,815.3742867,3.3
8.701064851,818.7234043,3.26
13.8002244,813.0021914,4.12
11.43866096,796.3367676,3.79
11.63003605,772.5340136,3.88
12.8119038,814.9430975,3.965
14.64851605,886.487327,4.065
11.42832859,832.5422723,3.705
12.28435499,820.2201386,3.87
14.18036928,819.4092827,4.16
10.5833843,796.5801887,3.645
11.0648677,803.8932949,3.71
12.39644173,786.5313356,3.97
14.36416688,820.1428772,4.185
10.66874524,809.6551724,3.63
12.45221695,831.428196,3.87
12.49115687,825.4741158,3.89
8.92857001,783.8525111,3.375
11.77021617,802.3925565,3.83
11.94877895,836.2573099,3.78
9.150628122,771.0320902,3.445
12.0874391,782.6168575,3.93
10.45226168,767.6399027,3.69
12.0103454,849.5321273,3.76
10.59113689,838.0373426,3.555
11.68918171,803.1469702,3.815
13.33897571,797.3993289,4.09
10.84848202,739.5566141,3.83
10.77938806,736.7688022,3.825
10.73094422,788.1070367,3.69
10.80111303,751.951952,3.79
11.01675192,779.2519182,3.76
10.98995483,789.9111493,3.73
10.36064926,788.4441769,3.625
12.94104318,764.2397226,4.115
10.98468029,785.3155861,3.74
11.80432471,839.4186459,3.75
11.64330958,777.4178621,3.87
14.50409478,780.7933194,4.31
12.16650923,789.744605,3.925
9.196815634,800.2728513,3.39
11.82032468,793.3316787,3.86
13.2650954,861.0553223,3.925
10.76773436,852.010845,3.555
12.28242985,803.3980583,3.91
8.287595015,719.0332326,3.395
7.865409676,782.7134986,3.17
9.456810137,806.1642186,3.425
10.97663857,851.6878805,3.59
8.063444283,707.90183,3.375
8.319961178,804.9322822,3.215
10.9005301,743.1048069,3.83
11.46906887,824.3478261,3.73
16.39374839,802.4193548,4.52
12.08235813,683.3130329,4.205
12.29286717,705.2453469,4.175
10.97501454,754.0775643,3.815
9.393690735,852.2364217,3.32
12.2326533,792.0189381,3.93
10.03032207,814.14291,3.51
7.74147774,746.6415011,3.22
11.32358038,750.2426007,3.885
10.50043706,746.6977467,3.75
10.4080992,754.1431433,3.715
10.99893166,771.8210013,3.775
11.53353972,766.1241712,3.88
12.67850975,767.2680412,4.065
9.294017803,792.2866687,3.425
10.3984326,727.7534646,3.78
11.81964766,809.9865451,3.82
10.54110471,718.602261,3.83
12.18160174,733.5828513,4.075
10.75114193,758.4459459,3.765
15.58951847,818.2089107,4.365
7.844044597,744.9217449,3.245
8.678429557,720.7459207,3.47
9.990768443,737.7398721,3.68
9.591215976,744.1916168,3.59
10.45618331,755.5919258,3.72
10.79692507,795.1061321,3.685
13.04992858,864.6216155,3.885
10.53902115,776.1135966,3.685
10.83776627,781.0650888,3.725
9.349846328,804.0734366,3.41
10.90971542,807.7904888,3.675
13.0351213,816.7356441,3.995
9.487268792,799.3974391,3.445
9.594797132,834.903728,3.39
9.77449762,828.4016637,3.435
8.89611419,785.6519843,3.365
12.23389361,856.211585,3.78
11.17846339,864.9366891,3.595
13.20652484,739.8354308,4.225
13.38562697,749.8688123,4.225
10.44793518,761.1215961,3.705
12.99327583,802.0231214,4.025
15.81530978,867.4050633,4.27
10.2859742,749.322901,3.705
13.29858868,804.7934881,4.065
9.645198062,723.9780868,3.65
12.01874404,830.1369863,3.805
12.55123314,790.3687222,3.985
10.60057124,815.6779661,3.605
13.04905139,807.4708171,4.02
15.59598828,820.4269569,4.36
13.64755657,813.8551031,4.095
10.10661521,730.3311952,3.72
12.06368255,795.1791359,3.895
12.73602177,839.4964595,3.895
12.74354447,835.6956899,3.905
12.78072383,800.7959782,3.995
12.67544168,864.1030803,3.83
12.98962258,826.2474827,3.965
10.24014442,810.2646118,3.555
14.787101,888.3062402,4.08
11.24857553,749.124697,3.875
10.2360005,781.1117257,3.62
11.96158653,786.4290945,3.9
10.97230643,763.8700947,3.79
13.4941438,851.8815052,3.98
11.49979323,746.4671654,3.925
9.646018358,754.7376093,3.575
12.37442675,754.423213,4.05
10.37896572,814.3622722,3.57
9.955471863,715.5569193,3.73
11.84970071,801.5206082,3.845
11.49261085,793.7968643,3.805
11.36495075,825.6951596,3.71
11.74135432,781.9424311,3.875
9.388106796,791.0420475,3.445
9.767834241,790.5832748,3.515
10.13772573,832.3187604,3.49
8.812146226,797.0735464,3.325
8.732364414,725.2252252,3.47
11.2744438,768.5950413,3.83
13.01825776,815.6790331,3.995
11.46484267,802.388138,3.78
13.17478523,825.4865035,3.995
10.91473438,863.6424105,3.555
13.42029011,744.7431461,4.245
11.51021314,710.4795737,4.025
13.94207864,784.7518896,4.215
12.55239265,774.8091603,4.025
11.68168553,796.3572951,3.83
9.963018243,729.7297297,3.695
9.877909675,751.7077517,3.625
11.42838588,787.2903795,3.81
12.35775404,724.5017585,4.13
10.77207679,795.4333644,3.68
10.89367059,847.6097014,3.585
13.20455913,783.6056932,4.105
11.93559501,727.6692585,4.05
9.934689805,733.5989045,3.68
12.19583779,842.3688863,3.805
10.49820728,762.7238454,3.71
11.53635347,762.3762376,3.89
13.11720668,757.9746835,4.16
13.05704356,747.2953664,4.18
12.49584107,815.270936,3.915
9.655839089,757.6237624,3.57
12.08694823,800.8194555,3.885
15.47141314,797.3300971,4.405
9.868515639,785.27063,3.545
11.07507041,764.957265,3.805
11.4769831,822.7095335,3.735
11.71471052,774.1629067,3.89
15.24502279,768.126346,4.455
13.74438673,794.2161339,4.16
9.065941373,820.0297471,3.325
12.08565522,745.999319,4.025
14.40122324,810.5955679,4.215
9.387289214,875.2207181,3.275
11.42536371,721.28,3.98
9.990937204,770.9056485,3.6
8.389806721,779.8377752,3.28
10.04240552,787.9548306,3.57
11.03394378,725.4400909,3.9
10.47938228,751.1980831,3.735
11.77286522,754.5499262,3.95
11.99702331,696.5901183,4.15
11.12846197,793.4718101,3.745
7.931916233,723.9726027,3.31
13.56222789,767.0064875,4.205
11.76318726,785.4220336,3.87
10.82554112,861.4243323,3.545
14.93316091,824.8075278,4.255
11.49878438,856.0595422,3.665
11.09460578,770.3504043,3.795
12.57743169,761.1510791,4.065
9.906910753,760.1929661,3.61
11.43647657,761.6383977,3.875
14.08684524,804.3087971,4.185
9.713322038,707.6057659,3.705
12.6001274,795.4425013,3.98
16.08930192,905.61173899999994,4.215
13.63151638,837.2537313,4.035
11.71018401,810.9545716,3.8
12.89515137,765.2443318,4.105
12.55146914,770.9167545,4.035
10.96413948,822.9791317,3.65
13.91661979,844.2706562,4.06
12.65539749,907.1823204,3.735
13.30822282,758.0398162,4.19
10.61791356,781.9233839,3.685
15.5949413,798.2505118,4.42
13.74848333,850.7514251,4.02
9.453451311,739.6705021,3.575
10.29612024,781.3765182,3.63
10.8831734,782.2361546,3.73
10.17847544,877.9069767,3.405
12.7738284,784.5741582,4.035
13.42382051,858.1894296,3.955
14.65199014,809.2775427,4.255
11.82172817,829.5585754,3.775
9.828044028,754.141238,3.61
13.21015397,825.6346234,4
13.10563952,762.7973021,4.145
11.16199099,795.8624667,3.745
9.916546387,736.2551052,3.67
8.996685353,792.1779141,3.37
9.531156602,727.3249139,3.62
13.00623158,842.1052632,3.93
11.26906983,807.8055965,3.735
11.31843689,746.0561755,3.895
10.10942027,869.3957115,3.41
10.75483139,731.2617702,3.835
11.6740407,779.4697634,3.87
10.39344179,773.7691848,3.665
9.693180812,812.0265152,3.455
9.321194044,760.9137995,3.5
8.761710439,847.6702509,3.215
11.80087408,792.026234,3.86
8.275097727,781.0361681,3.255
9.947153104,778.2994262,3.575
10.47653897,786.3793562,3.65
10.47171655,799.0992755,3.62
13.57679079,872.3747981,3.945
13.24869261,817.7889809,4.025
10.6308339,791.4425122,3.665
15.35204754,770.0578991,4.465
11.38520561,776.1458333,3.83
14.57538091,793.8130986,4.285
12.28467438,775.5280408,3.98
11.96988684,822.4338181,3.815
12.15114617,817.6519567,3.855
11.73048859,793.4570313,3.845
10.12621385,710.5803322,3.775
8.002797227,786.4306785,3.19
14.8241867,757.0844495,4.425
9.064552979,779.5386158,3.41
10.13624686,734.4454463,3.715
12.26475573,806.3613232,3.9
9.143393313,744.2714454,3.505
12.46428803,893.4829388,3.735
10.4833963,797.7852117,3.625
10.93937299,839.4175145,3.61
13.99597267,824.5341615,4.12
15.65099099,852.393617,4.285
7.622537179,753.781217,3.18
9.809744186,706.9767442,3.725
9.245618218,765.6430386,3.475
10.21154687,779.2456636,3.62
10.00272178,759.1103966,3.63
12.75874092,799.4186047,3.995
11.21945178,731.9949812,3.915
9.468202028,740.8246488,3.575
10.23715759,733.8345865,3.735
11.61810702,802.4649093,3.805
11.71216581,775.988287,3.885
11.70620979,819.2806604,3.78
12.2005052,785.9327217,3.94
8.828817669,851.5120625,3.22
12.08724801,834.8685689,3.805
10.63830561,814.0589569,3.615
9.517704198,801.961927,3.445
10.09523042,807.8624079,3.535
11.08120892,779.6585437,3.77
8.855014861,800.951087,3.325
10.14206831,795.7746479,3.57
10.23978518,722.3719677,3.765
11.39236822,750.929368,3.895
13.09408803,756.6387777,4.16
12.38989527,840.2435489,3.84
14.23331584,771.5778474,4.295
12.85242321,739.1165173,4.17
13.36010114,766.4728682,4.175
12.1259209,719.5954488,4.105
9.307058456,704.3744776,3.635
12.76875598,722.1319947,4.205
10.84390165,718.4615385,3.885
11.58441581,771.4907508,3.875
13.0172634,793.6145952,4.05
10.94624545,842.2764228,3.605
9.893433353,757.0602246,3.615
13.4965978,835.1648352,4.02
15.43324468,815.60283690000006,4.35
15.73007622,902.4390244,4.175
10.63971463,704.9331489,3.885
10.709870220000001,795.1555226,3.67
11.5533792,777.4281519,3.855
14.24358063,796.0465116,4.23
13.24414948,795.6164384,4.08
13.55040849,724.4028729,4.325
10.85796169,761.9288059,3.775
10.09043944,767.8812416,3.625
12.36935934,800.8701473,3.93
12.457877,733.9214934,4.12
9.426515494,801.2405965,3.43
9.800662189,717.8381486,3.695
10.08238892,827.7755457,3.49
10.29116603,770.3530785,3.655
11.88098974,724.340176,4.05
10.96257842,711.595824,3.925
10.03912838,745.3562191,3.67
13.42916818,812.6957955,4.065
14.9869261,795.6702254,4.34
12.61034725,824.8472505,3.91
7.677098602,773.7060824,3.15
10.87928235,812.1534196,3.66
8.071641886,761.8332081,3.255
9.264834356,828.0287474,3.345
8.956179516,729.0322581,3.505
9.733970532,748.9959839,3.605
9.367079199,705.0324833,3.645
9.943490698,716.6156983,3.725
10.73880745,720.7446809,3.86
10.2178018,754.5045045,3.68
12.83367051,741.5906128,4.16
11.88455747,818.7155963,3.81
13.17490402,778.0504909,4.115
12.51256344,757.2254335,4.065
12.80579392,796.3752665,4.01
10.7153766,757.9346281,3.76
11.28136875,791.6402787,3.775
11.50356316,756.3157895,3.9
13.77641002,755.5797496,4.27
11.06987144,817.423163,3.68
12.40824252,758.3561644,4.045
10.10628133,750.3419973,3.67
10.60311382,770.3455964,3.71
11.06820861,748.6600306,3.845
9.697828455,789.4024192,3.505
12.1228021,815.7446809,3.855
9.259531741,710.5172414,3.61
14.01753468,815.8730159,4.145
9.875837699,777.060576,3.565
12.76732632,757.658737,4.105
12.4305055,840.80658,3.845
11.79187664,771.3107997,3.91
13.6582232,820.4911092,4.08
11.03446218,797.3799127,3.72
11.5666366,792.6479949,3.82
10.85734339,724.9392993,3.87
14.2705618,808.988764,4.2
14.69569641,865.7564576,4.12
12.13210734,801.7464424,3.89
12.73600161,780.3157541,4.04
11.10695625,773.2441472,3.79
12.9036887,771.3780224,4.09
13.32184671,824.3512974,4.02
10.37232,768,3.675
11.47381987,847.2515856,3.68
10.09079345,802.9580153,3.545
9.806586059,793.7197468,3.515
11.96925503,855.704698,3.74
12.49171234,794.5762712,3.965
13.57547548,790.1435148,4.145
10.9495549,778.6350148,3.75
12.33361144,804.6865262,3.915
11.82933501,789.8386854,3.87
11.75586165,789.0051844,3.86
13.5961605,789.4417476,4.15
11.76063399,763.3986928,3.925
13.74635592,831.8911123,4.065
11.3046931,774.6973153,3.82
8.485425333,813.3333333,3.23
11.00378742,772.1617418,3.775
11.37140592,800.0764039,3.77
12.94259766,789.0625,4.05
13.66443191,754.7314578,4.255
11.25200019,806.5819861,3.735
13.87829421,817.6014592,4.12
11.0964622,793.3070866,3.74
10.38598832,796.9543147,3.61
9.742912566,840.3391028,3.405
9.763921199,808.5644593,3.475
10.82556001,886.2495172,3.495
8.910022808,828.1921855,3.28
12.43939145,921.0526316,3.675
10.18593566,836.2768496,3.49
9.863148397,807.4603529,3.495
7.548631925,758.3497053,3.155
10.65647619,736.0448808,3.805
11.01193395,725.8529961,3.895
11.0374461,762.3585468,3.805
12.80451205,759.8654709,4.105
7.562770587,757.3676681,3.16
13.98222305,869.5358269,4.01
12.09922045,726.8370607,4.08
13.83986704,721.4125561,4.38
14.23237121,797.3038036,4.225
11.14930285,718.2163188,3.94
11.40200039,743.9050701,3.915
13.7800559,775.6321839,4.215
12.48716824,786.3344658,3.985
12.95546544,890.1515152,3.815
12.42870736,810.8909057,3.915
11.50334855,786.2513426,3.825
12.55073462,842.3537959,3.86
11.89901181,866.8310727,3.705
12.20750649,802.5974026,3.9
9.060259079,819.515774,3.325
10.98992994,777.3547094,3.76
10.26459522,737.7753896,3.73
11.63589358,892.8640495,3.61
11.13513857,828.9869006,3.665
12.76954642,870.5183364,3.83
10.34315877,763.761133,3.68
9.796480407,862.601626,3.37
9.688123979,802.2875817,3.475
11.62360158,837.6993166,3.725
11.15767676,812.8255585,3.705
8.711633374,827.3136458,3.245
11.30079195,752.6021694,3.875
9.045059641,845.8939709,3.27
10.18080349,731.752797,3.73
11.4071851,882.6340945,3.595
7.688592817,697.5425331,3.32
13.13388295,723.7256136,4.26
11.89850004,780.2793978,3.905
12.27475811,772.9587026,3.985
11.50936575,794.9541284,3.805
10.37107028,749.4414299,3.72
14.3606459,835.8433735,4.145
10.22200404,721.1175866,3.765
11.18004077,778.3321454,3.79
12.16886165,783.8943064,3.94
12.76122119,819.970487,3.945
14.68356193,784.9810913,4.325
12.25209752,789.2561983,3.94
12.06651326,793.3276305,3.9
8.4744,822.4299065,3.21
9.285076015,775.5919021,3.46
7.722949763,808.8467615,3.09
12.17938667,852.3968166,3.78
9.413616598,777.3167358,3.48
11.79678009,789.7042716,3.865
8.991733358,808.4473528,3.335
12.32723037,810.4687949,3.9
12.13674296,802.0527859,3.89
9.44269575,736.7666232,3.58
11.43750947,742.4242424,3.925
10.60797783,719.3995381,3.84
8.024439904,725.8241758,3.325
12.0994487,855.834703,3.76
11.95063586,821.1111111,3.815
10.58769362,725.5621845,3.82
12.75310594,762.3762376,4.09
10.89181059,707.0021882,3.925
12.69505338,757.0537571,4.095
11.86848977,819.7588944,3.805
10.66639174,740.6174995,3.795
11.45299099,745.3268811,3.92
10.89203729,710.6333527,3.915
8.385775496,712.7791563,3.43
11.45898202,819.2243147,3.74
10.14565585,751.2170556,3.675
13.35006372,817.9384203,4.04
8.678895678,731.283906,3.445
14.53051581,806.3538096,4.245
10.77010213,755.7634934,3.775
13.54932324,768.1022243,4.2
12.85977885,761.2895287,4.11
11.21696576,835.0787569,3.665
12.29801736,796.2510187,3.93
11.10097121,821.9516835,3.675
12.11286775,830.080573,3.82
10.40863841,800.9093862,3.605
11.55729914,853.4158744,3.68
9.645423137,758.9308661,3.565
11.21782715,846.6540233,3.64
12.26929929,817.1021378,3.875
9.617256414,725.8525853,3.64
10.41234167,713.5455218,3.82
10.21589509,764.7186147,3.655
12.02247302,826.0469397,3.815
11.96234291,770.5907719,3.94
15.66403341,730.7042254,4.63
10.11892855,725.359523,3.735
10.34844868,726.1750755,3.775
11.99963905,788.9309041,3.9
12.15923211,716.3276526,4.12
8.100975987,757.6032683,3.27
8.91070935,768.560474,3.405
10.28679273,807.1301248,3.57
9.636737852,773.3580923,3.53
18.58364527,868.7752355,4.625
9.973917925,789.1990976,3.555
13.10757016,777.8500217,4.105
10.1683298,746.7872442,3.69
12.19359576,752.6620587,4.025
13.27311945,815.2408339,4.035
10.09920969,743.7250428,3.685
10.26862682,720.5737866,3.775
10.31534469,755.5354722,3.695
13.17033882,764.7170168,4.15
10.04751952,743.9507259,3.675
12.44535769,773.960217,4.01
10.87451638,757.0621469,3.79
10.47281973,777.5556825,3.67
10.50493314,735.2071006,3.78
13.83192208,841.2030075,4.055
11.70640299,769.6517413,3.9
13.58819845,750.5208333,4.255
9.900566952,776.8257854,3.57
9.282417605,718.2296231,3.595
13.93064317,836.8562072,4.08
8.860852352,723.3348859,3.5
9.464193533,748.8664987,3.555
12.64877863,875.9541985,3.8
12.93992275,798.7298486,4.025
12.66811564,772.3283428,4.05
12.26178,800,3.915
9.174786522,770.8285253,3.45
10.28770455,774.3252438,3.645
10.80363485,802.1170879,3.67
9.459074884,792.414767,3.455
11.08453811,790.3399892,3.745
8.480206939,767.0490758,3.325
8.22485534,752.9832936,3.305
9.65628474,707.2633896,3.695
9.725836746,760.9828742,3.575
13.48309518,777.2479564,4.165
10.66423177,752.3148148,3.765
10.56574929,720.282318,3.83
13.76589559,822.9204504,4.09
12.06015545,759.4448728,3.985
13.79608696,782.0910973,4.2
14.2906119,831.7671327,4.145
10.66500407,783.2642292,3.69
12.7116317,842.2077922,3.885
14.02093875,842.2805382,4.08
10.55163818,792.0163767,3.65
10.0216736,895.6699625,3.345
13.43198356,765.0892604,4.19
10.97602866,803.9265039,3.695
10.89138444,770.3842549,3.76
9.59815979,818.2138453,3.425
9.852675527,711.9808307,3.72
10.45331322,951.2329775,3.315
11.15213204,867.7199504,3.585
10.1259087,796.7369137,3.565
11.45899513,804.1047417,3.775
11.6020236,770.6732647,3.88
9.545463882,706.7769083,3.675
9.379219054,719.7012802,3.61
8.134115225,667.8200692,3.49
9.256180625,712.2316727,3.605
10.76605065,823.8341969,3.615
15.48724184,877.9615557,4.2
12.11261109,830.0629845,3.82
9.986883239,741.4772727,3.67
10.55562759,750.6224066,3.75
13.33390409,823.0487461,4.025
10.86340997,750.3378378,3.805
11.65375785,760.3305785,3.915
11.95059811,769.834195,3.94
12.26632932,736.8758003,4.08
8.237687909,736.229288,3.345
9.042532658,757.5197889,3.455
12.00298138,799.3660856,3.875
10.3264682,847.814731,3.49
12.00324802,858.1349206,3.74
10.95169252,710.8892059,3.925
11.17203574,747.8824116,3.865
11.96008373,774.3710692,3.93
11.15829322,758.6946703,3.835
12.17416842,722.4586288,4.105
12.94752582,718.5076504,4.245
12.00701872,785.3833193,3.91
13.85575768,804.5148895,4.15
13.71303226,825.8064516,4.075
9.699737629,704.712813,3.71
12.76928223,743.2200481,4.145
10.64796369,833.1332533,3.575
10.20699734,807.6418067,3.555
11.71068876,764.0449438,3.915
9.622777741,767.881016,3.54
10.06889951,739.4848386,3.69
15.31912799,768.406656,4.465
12.38718344,802.0241916,3.93
10.7157488,759.9808368,3.755
10.16539352,720.9486166,3.755
10.5265572,756.6041015,3.73
10.12249455,852.921573,3.445
9.230662334,796.1568424,3.405
11.30242793,821.1527035,3.71
11.07532895,787.5789474,3.75
11.07552908,813.4141991,3.69
11.87139733,826.4630107,3.79
15.20454074,900.0977223,4.11
15.38158427,865.7767346,4.215
13.30910232,840.199889,3.98
10.76212052,837.3741141,3.585
7.822458824,722.6890756,3.29
11.98073217,806.1847798,3.855
9.979017069,765.7259436,3.61
10.91772555,752.1114865,3.81
15.27505164,799.8707454,4.37
8.016389299,763.6401938,3.24
11.36580503,812.5629152,3.74
10.77281072,799.8285469,3.67
13.96795829,875.1839859,3.995
11.75589198,770.9274515,3.905
9.739054518,711.3991613,3.7
10.08459487,765.3237766,3.63
11.42306284,812.3066905,3.75
13.59710745,795.235029,4.135
9.062774298,731.4351674,3.52
11.08122353,800.7590133,3.72
10.96198444,720.7090359,3.9
13.72591479,776.2637363,4.205
9.573988313,766.1504425,3.535
9.329257363,790.6669602,3.435
7.963232453,792.4481737,3.17
10.20085138,727.3321353,3.745
9.264073782,871.6995165,3.26
11.93806477,733.2411887,4.035
12.35773043,757.1396447,4.04
10.63560114,804.9209139,3.635
11.44244155,769.963145,3.855
13.10933331,774.1781801,4.115
13.33738908,795.3586498,4.095
12.61698342,769.2109997,4.05
12.83405523,765.3429603,4.095
8.470159533,719.9516811,3.43
12.27074077,819.3111237,3.87
9.301224958,757.118928,3.505
10.01869699,756.1509021,3.64
11.88546332,730.0103842,4.035
11.60537339,741.9354839,3.955
12.92414373,752.2335673,4.145
9.882048215,687.9684919,3.79
11.96334029,740.2873869,4.02
11.82585976,767.6325861,3.925
10.58127979,777.1153114,3.69
13.50475986,813.2641719,4.075
10.85754171,767.99044490000006,3.76
11.85294002,757.762503,3.955
10.18477883,716.586962,3.77
9.320000567,737.4570447,3.555
8.653268945,706.3893016,3.5
7.835790794,721.7254077,3.295
12.39589202,831.9613965,3.86
10.92812241,838.5542169,3.61
13.56835779,805.1948052,4.105
14.88569234,847.8928885,4.19
11.85462453,801.8536585,3.845
12.24129468,798.6634681,3.915
12.05154871,788.2960413,3.91
12.04181351,814.5152293,3.845
12.45205174,770.5286839,4.02
9.958310498,783.5497835,3.565
12.47011213,875.0572082,3.775
12.9277923,782.353926,4.065
11.57376761,818.6515112,3.76
11.12144269,830.2310231,3.66
11.90080294,772.4972497,3.925
10.23557307,762.0162016,3.665
8.436670278,763.1111111,3.325
9.234621327,835.2871346,3.325
8.651138186,821.5686275,3.245
9.656712692,757.6923077,3.57
11.01471951,739.2627663,3.86
9.914468053,716.4461248,3.72
11.41203229,744.5595855,3.915
10.90726971,737.7740304,3.845
13.0313328,728.2962963,4.23
9.99159909,773.1027362,3.595
11.12212261,752.3068051,3.845
9.983777045,727.3081418,3.705
9.703561196,801.2585212,3.48
11.8791897,831.3869781,3.78
9.042849372,755.3584627,3.46
9.002526483,756.3559322,3.45
9.128657487,716.2596401,3.57
9.199945601,772.9422895,3.45
11.46034682,775.184486,3.845
12.78866552,811.417211,3.97
13.71848778,783.276895,4.185
8.845806719,711.9003446,3.525
8.488584417,745.2255181,3.375
12.86585927,794.1582048,4.025
8.694520571,722.0822838,3.47
12.13290306,765.9467604,3.98
11.75817128,771.0769231,3.905
12.59609456,736.690186,4.135
15.56647731,775.5937756,4.48
10.10429181,738.0782918,3.7
10.47839263,751.1271416,3.735
15.97107547,842.0887071,4.355
11.965768,820,3.82
12.49249849,735.9611231,4.12
10.61717111,783.9947951,3.68
10.79165683,759.2860589,3.77
10.19024417,720.7902454,3.76
12.8053654,754.3928153,4.12
10.27073151,783.7620579,3.62
13.45464265,824.3458147,4.04
12.12858139,805.6502679,3.88
12.38780821,793.9630321,3.95
10.692317449999999,783.146405,3.695
12.73426444,755.696727,4.105
10.39748369,747.3268471,3.73
9.803857049,756.4704513,3.6
12.83129473,826.5669516,3.94
10.81037327,774.9246534,3.735
12.24341913,772.9236085,3.98
12.19339754,785.4748603,3.94
13.87411739,775.3979171,4.23
11.59514699,735.690664,3.97
10.97159423,728.7965136,3.88
13.38153061,815.8226253,4.05
11.94992697,732.1541377,4.04
12.93606281,884.1770474,3.825
7.726062385,660.5504587,3.42
9.080149593,659.6980256,3.71
7.543763518,658.3710407,3.385
7.650407807,719.8622273,3.26
9.846651425,733.061829,3.665
11.4271063,739.8627573,3.93
9.6602949,768.7018129,3.545
10.796548810000001,769.80602940000006,3.745
11.25471017,798.2049797,3.755
12.23750358,707.141248,4.16
13.63861017,773.1638418,4.2
9.760002644,720.6996282,3.68
10.32180826,758.0590812,3.69
11.84752805,722.3001403,4.05
11.35649247,742.8321678,3.91
12.94031238,771.6794731,4.095
10.89426515,716.2567487,3.9
10.90409378,716.9029444,3.9
11.27834804,758.9212749,3.855
9.974717503,744.6264074,3.66
9.305262956,706.1799783,3.63
12.72727534,770.2191988,4.065
11.92294668,741.4721724,4.01
12.62576532,775.4800591,4.035
12.77307427,763.5699374,4.09
9.923095412,717.0695609,3.72
10.72758921,740.9566715,3.805
9.652095463,718.5775598,3.665
8.900341438,805.0509526,3.325
8.405919517,778.9587852,3.285
16.31462881,795.0250139,4.53
10.27374907,748.4323128,3.705
12.77579305,794.5095521,4.01
9.559395429,723.4717814,3.635
11.07744841,761.1156494,3.815
8.06556118,705.9942912,3.38
9.686781872,725.1114413,3.655
11.44775817,697.9276431,4.05
10.73163676,724.009901,3.85
12.05527549,782.5242718,3.925
12.61290827,765.1792246,4.06
11.36347729,722.8111863,3.965
9.795577325,696.5743876,3.75
10.84781373,743.3879093,3.82
10.61557156,692.5957937,3.915
8.81643472,705.527847,3.535
13.53264404,927.3761714,3.82
10.78901105,761.1174458,3.765
9.833231893,802.7128076,3.5
10.6514351,724.2314647,3.835
10.54864196,776.8220914,3.685
11.516130070000001,808.1140351,3.775
10.83009978,770.1404287,3.75
13.50184906,774.6049876,4.175
11.68371225,758.4055987,3.925
8.037421142,768.0122637,3.235
9.761047024,765.878667,3.57
11.51198961,705.3223713,4.04
12.86490246,724.1213288,4.215
12.34079322,805.1550896,3.915
11.70466396,802.1068473,3.82
13.75374684,810.2640944,4.12
9.554748962,747.5963782,3.575
8.966481074,693.7839469,3.595
11.57769707,767.0790748,3.885
7.381212671,727.6270658,3.185
11.01689543,718.7795201,3.915
14.54334672,860.9555189,4.11
12.17972166,823.8434164,3.845
10.8296574,891.680261,3.485
10.6651754,818.377345,3.61
11.52001296,769.1854098,3.87
9.739379826,875.6682971,3.335
11.35650556,762.2020431,3.86
14.32653332,827.8553369,4.16
12.89851359,771.0686562,4.09
13.71955576,775.904104,4.205
11.39809628,728.6841877,3.955
10.10992911,758.861258,3.65
12.13826744,760.5418813,3.995
10.75396106,816.1222339,3.63
13.64241612,777.075553,4.19
8.524764393,792.3821751,3.28
12.33080948,749.9112531,4.055
11.17536409,736.6255144,3.895
9.538017763,731.8864775,3.61
8.878172586,759.0517241,3.42
9.347347267,803.8585209,3.41
14.28882398,783.68356000000006,4.27
11.04120675,729.6546249,3.89
13.06289697,724.910036,4.245
10.52150062,764.4161707,3.71
10.62569041,776.1643836,3.7
14.36213217,820.0267023,4.185
9.198260707,805.1416886,3.38
9.889897856,732.2799097,3.675
8.367837859,745.6304619,3.35
8.904735873,761.3227894,3.42
16.83095765,781.7589577,4.64
12.44454585,805.7381949,3.93
12.62819748,726.2217551,4.17
12.74649766,750.9247842,4.12
10.99080812,733.8506711,3.87
10.58130817,760.5393676,3.73
10.24891456,709.7586258,3.8
13.1322216,806.5868263,4.035
10.92909885,809.2257002,3.675
13.22600334,790.6458797,4.09
15.83975714,835.1648352,4.355
11.40681381,817.679558,3.735
12.35906122,790.1190047,3.955
7.751650047,705.3864169,3.315
8.271204049,741.4396401,3.34
9.822260996,801.8172241,3.5
11.59285405,741.1351184,3.955
13.01022738,797.1171562,4.04
11.66810361,783.115225,3.86
10.11240261,715.2842498,3.76
11.90668597,778.8205183,3.91
13.58969114,736.6874136,4.295
10.40353095,757.8867925,3.705
10.69471375,827.5064267,3.595
11.37586276,791.9648821,3.79
11.29478003,774.0179839,3.82
10.50256464,731.1676083,3.79
11.39315048,758.7529976,3.875
14.95644765,801.421449,4.32
11.46683053,729.3853073,3.965
13.01951138,743.3678269,4.185
8.156858407,711.8780096,3.385
13.359375,730.994152,4.275
11.7885748,793.2544897,3.855
12.27194947,838.7850467,3.825
9.775478042,764.8669797,3.575
10.97882695,772.4550898,3.77
11.51365967,732.364028,3.965
10.50402411,786.286732,3.655
11.29170247,736.7088608,3.915
11.05083559,747.4849095,3.845
11.93198419,742.0342034,4.01
10.34690126,689.0756303,3.875
12.30678346,815.3846154,3.885
9.71025,736.9146006,3.63
11.32473932,723.9944521,3.955
10.31411159,739.3509128,3.735
12.87796876,800.8637236,4.01
11.49153171,729.1164659,3.97
10.12569356,725.8444619,3.735
10.25299458,734.9698357,3.735
7.646243561,765.727003,3.16
9.794311326,762.0712621,3.585
10.41615512,762.9192154,3.695
10.651855,780.1827802,3.695
8.497018558,763.9675117,3.335
10.46008654,753.8461538,3.725
9.669955855,725.8364312,3.65
9.674775477,722.2353219,3.66
13.81255992,819.6866313,4.105
11.75597031,725.649184,4.025
10.61696007,729.4761532,3.815
10.17959087,766.1878453,3.645
10.69094004,754.1989664,3.765
15.48996452,807.4250183,4.38
10.05289223,740.3141361,3.685
10.6826567,698.7563335,3.91
10.00038856,679.9643414,3.835
11.48805474,787.2628726,3.82
13.99759479,776.7799872,4.245
14.69465708,805.9418458,4.27
13.39255614,757.4107683,4.205
7.754264417,781.4829345,3.15
8.584155268,767.1942165,3.345
10.75105754,789.5842083,3.69
10.71404425,833.6334174,3.585
